Case,Mean MPI,Mean Comp,Mean Total,Mean Fence,Variance MPI,Variance Comp,Variance Total,Variance Fence,Standard Deviation MPI,Standard Deviation Comp,Standard Deviation total,Standar Deviation Fence
result_64x64.csv,0.09715599999999999,2.1949999999999998e-05,0.10414665000000001,0.09710265,9.209918200000004e-06,8.614750000000001e-11,3.5192340127499995e-05,9.237856227499993e-06,0.0030347847040605703,9.281567755503378e-06,0.005932313218930706,0.0030393841855711483
result_128x128.csv,0.2124449,5.1699999999999996e-05,0.22314660000000003,0.2121769,2.7030758589999987e-05,8.581000000000001e-11,4.2323169239999986e-05,2.698622389e-05,0.0051991113269480955,9.263368717696602e-06,0.0065056259683446286,0.005194826646770804
result_256x256.csv,0.32601315,0.0002914,0.3554571,0.32540695,0.00010071451612749998,5.4884e-10,0.00011673775989000004,0.00010037090694750004,0.010035662216690036,2.3427334462119246e-05,0.010804524972899087,0.010018528182697299
result_512x512.csv,0.32800850000000004,0.00183665,0.42704319999999996,0.3258076,0.00019776124774999992,3.17524275e-08,0.00019792751986000002,0.00019775528304,0.014062761028688496,0.00017819210841111903,0.014068671574103932,0.01406254895244813
result_1024x1024.csv,0.2509112,0.01911575,0.8523251999999999,0.23126280000000002,4.496737735999993e-05,3.279844187500001e-06,4.838897006e-05,4.861958946e-05,0.006705771943631839,0.0018110340105862179,0.006956218086000466,0.006972774875184198
result_2048x2048.csv,0.5523640999999999,0.31007175,2.27007875,0.24104779999999998,8.234633569000014e-05,2.9259714587500015e-05,0.0003656622372875,0.00010257506355999997,0.009074488177853347,0.0054092249525694545,0.0191222968622365,0.010127934812191475
result_4096x4096.csv,2.8871804,2.5188074,9.0715824,0.36444014999999996,0.0006109837613399988,0.0005470076677399992,0.006869863429340017,0.0006247446468274999,0.024718085713501335,0.023388195050922576,0.08288463928461061,0.024994892414801465
