Case,Mean MPI,Mean Comp,Mean Total,Variance MPI,Variance Comp,Variance Total,Standard Deviation MPI,Standard Deviation Comp,Standard Deviation total
result_64x64.csv,0.07818875,1.53e-05,0.08321995,3.6252013875000024e-06,3.551e-11,3.936690347500009e-06,0.0019039961626799572,5.959026766175833e-06,0.0019841094595561023
result_128x128.csv,0.09028235,4.0549999999999996e-05,0.10041960000000001,3.1366090274999985e-06,1.5547500000000002e-11,3.2139767400000017e-06,0.0017710474379586782,3.943031828428475e-06,0.0017927567431193787
result_256x256.csv,0.10554794999999999,0.0002379,0.13554534999999998,4.8704426475000055e-06,5.768999999999997e-11,1.2001312827499989e-05,0.002206907938156915,7.595393340703296e-06,0.0034642911002829985
result_512x512.csv,0.10697110000000001,0.00162795,0.21401949999999997,9.295567089999994e-06,3.927475000000005e-10,1.6393881449999996e-05,0.003048863245539228,1.9817858108282046e-05,0.004048935841674945
result_1024x1024.csv,0.1421014,0.01792665,0.6455044,3.546876243999999e-05,6.227142750000011e-08,3.9950153840000074e-05,0.0059555656691871,0.0002495424362708678,0.006320613406940822
result_2048x2048.csv,0.44541515,0.301392,2.1724740000000002,6.948904752750007e-05,2.4896879999999595e-07,0.00038145917099999927,0.008336009088736652,0.0004989677344277843,0.01953097977573064
result_4096x4096.csv,2.82316025,2.52309055,9.4333421,0.008716029862387493,0.006786812271447494,0.010069674374590018,0.09335968006793668,0.08238211135584894,0.10034776716295195
