Case,Mean MPI,Mean Comp,Mean Total,Variance MPI,Variance Comp,Variance Total,Standard Deviation MPI,Standard Deviation Comp,Standard Deviation total
result_64x64.csv,0.07889965,1.375e-05,0.0839203,6.975990927499995e-06,3.108749999999999e-11,6.874911309999995e-06,0.002641210125586375,5.575616557834657e-06,0.002622005207851425
result_128x128.csv,0.09123325,4.075e-05,0.10143005000000001,6.542718087500007e-06,8.987499999999997e-12,7.465896647500001e-06,0.0025578737434635056,2.997915942784253e-06,0.002732379301542888
result_256x256.csv,0.10475084999999999,0.00023804999999999999,0.1338397,6.6360930274999986e-06,8.774749999999997e-11,6.485646009999981e-06,0.002576061534105891,9.367363556518983e-06,0.0025466931519128842
result_512x512.csv,0.10721945,0.0016278500000000001,0.21443975,2.0734259474999973e-06,7.337274999999998e-10,4.561595687499992e-06,0.0014399395638359262,2.708740482216781e-05,0.002135789242294284
result_1024x1024.csv,0.141889,0.0182651,0.66393735,5.028381090000001e-05,2.3471261900000007e-06,0.0056978586567275015,0.007091107875360522,0.0015320333514646477,0.07548416162830121
result_2048x2048.csv,0.40215724999999997,0.30170845,2.1711391,8.008980438750006e-05,1.7195404750000182e-07,0.0011523788496899995,0.008949290719800093,0.0004146734227075589,0.03394670602120329
result_4096x4096.csv,2.4735229,2.4989183,9.40397275,0.002157460292590001,2.8366311509999744e-05,0.00422006958118748,0.046448469216864414,0.005326003333645196,0.06496206263033433
