Case,Mean MPI,Mean Comp,Mean Total,Variance MPI,Variance Comp,Variance Total,Standard Deviation MPI,Standard Deviation Comp,Standard Deviation total
result_64x64.csv,4.9300000000000006e-05,6.999999999999999e-06,0.0048598,1.6251e-10,7.174648137343064e-43,2.223126599999999e-07,1.2747941010218081e-05,8.470329472543003e-22,0.0004715004347824081
result_128x128.csv,7.64e-05,3.43e-05,0.0096887,8.274000000000003e-11,2.0999999999999883e-13,3.109266100000002e-07,9.096153033013464e-06,4.582575694955827e-07,0.0005576079357397993
result_256x256.csv,0.00057525,0.00022155,0.02913305,3.9935875e-09,6.1474999999999885e-12,7.96547347500001e-07,6.319483760561459e-05,2.479415253643485e-06,0.0008924950125911074
result_512x512.csv,0.0026711,0.0015793,0.10658155,2.06849e-09,1.1282099999999998e-09,2.1371751475000046e-06,4.548065522834956e-05,3.3588837431503934e-05,0.001461908050289075
result_1024x1024.csv,0.02209515,0.01825315,0.46496385,5.899608927500004e-06,2.901940275000003e-07,1.653932772750003e-05,0.0024289110579640426,0.0005386966006018604,0.004066857229790595
result_2048x2048.csv,0.31490015,0.29933355,1.9987952,0.00021751354472750008,1.3397330475000006e-06,0.0011674707881599994,0.014748340405872794,0.001157468378617749,0.03416827165895283
result_4096x4096.csv,2.5203936,2.49367305,9.319511199999999,0.00970102589024001,9.904989074749986e-05,0.03276543323146006,0.09849378604886712,0.00995238115967731,0.1810122460814739
