Case,Mean MPI,Mean Comp,Mean Total,Variance MPI,Variance Comp,Variance Total,Standard Deviation MPI,Standard Deviation Comp,Standard Deviation total
result_64x64.csv,0.0958686,2.5300000000000002e-05,0.10286165,1.3511387400000004e-06,1.0341e-10,5.1544325427500024e-05,0.001162384936241003,1.0169070754006975e-05,0.007179437681845287
result_128x128.csv,0.2110048,5.29e-05,0.22299224999999998,3.821659076000005e-05,9.028999999999998e-11,8.00488515875e-05,0.006181956871412163,9.502105029939418e-06,0.008947002379987388
result_256x256.csv,0.32443675,0.00030455,0.3544951,6.515076838750006e-05,9.368475e-10,0.0001856600379899999,0.008071602591028628,3.0607964649744355e-05,0.013625712384679191
result_512x512.csv,0.32777835,0.0018670499999999999,0.42985125,4.837332862749993e-05,1.3730547500000009e-08,0.00011870506408750011,0.006955093718096107,0.00011717741889971809,0.010895185362695767
result_1024x1024.csv,0.25192205,0.018666,0.8542847,5.6833522147499896e-05,2.7747372e-06,0.0003195957559100002,0.00753880110810067,0.001665754243578566,0.01787724128354261
result_2048x2048.csv,0.5547148,0.31577584999999997,2.2732784,5.926274406000022e-05,7.923981827500027e-06,0.0006560813861399977,0.007698229930315164,0.0028149568073951026,0.025614085697912344
result_4096x4096.csv,2.8871317999999997,2.546096,9.07196375,0.0022410776467600016,0.0008524876838999999,0.00832672219288751,0.04734002161765457,0.029197391731111872,0.09125087502532515
