Case,Mean MPI,Mean Comp,Mean Total,Variance MPI,Variance Comp,Variance Total,Standard Deviation MPI,Standard Deviation Comp,Standard Deviation total
result_64x64.csv,5.6250000000000005e-05,6.999999999999999e-06,0.0062134,2.0507875e-09,5.699999999999999e-12,2.38612544e-06,4.5285621338345356e-05,2.3874672772626643e-06,0.0015447088528263181
result_128x128.csv,0.00010835,3.26e-05,0.01043145,5.6525275e-09,9.643999999999999e-11,2.9556439474999997e-06,7.518329269192724e-05,9.820386957752734e-06,0.0017191986352658613
result_256x256.csv,0.00062165,0.00017999999999999998,0.02887115,1.0834274999999993e-09,3.4299999999999985e-10,9.446079927499998e-06,3.291545989349077e-05,1.852025917745213e-05,0.003073447563811688
result_512x512.csv,0.00246345,0.00118455,0.09886795,2.7535474999999982e-09,2.8454750000000056e-10,1.1083370147500011e-05,5.2474255592623685e-05,1.686853579893645e-05,0.0033291695882757327
result_1024x1024.csv,0.05631965,0.0222196,0.5081023,6.096539882749999e-05,7.163326240000002e-06,5.107971030999986e-05,0.00780803424861213,0.002676439097009308,0.007147007087585674
result_2048x2048.csv,0.31454875,0.2965697,1.9084603999999998,0.00029756749108749965,1.0320177410000022e-05,0.0008196984256399999,0.01725014466859625,0.003212503293383529,0.02863037592557946
result_4096x4096.csv,2.44113595,2.4649310499999997,8.62257505,0.019815614108047514,0.0010143738509474992,0.025032752376947444,0.14076794417781172,0.03184923626945392,0.15821742121823199
