Case,Mean MPI,Mean Comp,Mean Total,Variance MPI,Variance Comp,Variance Total,Standard Deviation MPI,Standard Deviation Comp,Standard Deviation total
result_64x64.csv,0.0002565,5.850000000000001e-06,0.0055980000000000005,4.174405e-08,4.3275e-12,1.0954505000000004e-06,0.0002043136069869063,2.080264406271472e-06,0.0010466377119137263
result_128x128.csv,0.0003725,3.05e-05,0.0109186,4.546145e-08,9.104999999999999e-11,1.9306735399999997e-06,0.00021321690833515057,9.5420123663722e-06,0.001389486790149514
result_256x256.csv,0.0006605,0.00017375000000000002,0.03003035,6.475665e-08,3.238749999999997e-11,1.2321760027500002e-05,0.0002544732795403085,5.69100166930216e-06,0.00351023646318877
result_512x512.csv,0.0017618999999999998,0.0012233,0.10231540000000001,5.540259000000002e-08,4.8286099999999995e-09,1.163051094e-05,0.0002353775477822811,6.948820043719653e-05,0.003410353491941854
result_1024x1024.csv,0.0113604,0.01769645,0.62937395,2.86370644e-06,4.1022608475e-06,5.569022794749994e-05,0.0016922489296790823,0.0020254038726881117,0.007462588555420964
result_2048x2048.csv,0.02938395,0.29852124999999996,2.0434805000000003,3.26838574475e-05,1.4931358387499981e-05,0.0005327975062500009,0.005716979748739713,0.003864111590974047,0.023082406855655258
result_4096x4096.csv,0.175868,2.4723118,8.790534650000001,0.0023136854186000004,0.0010618063305600019,0.005846967006527511,0.0481007839707421,0.032585369885272164,0.07646546283471715
